-- ============================================================
-- MedicalAppointmentSystem – Sample Data for Data Warehouse
-- Order: Users → Profiles → Clinics → Addresses → Doctors →
--        DoctorsClinics → Appointments → Payments →
--        Reviews → SymptomAssessments
-- ============================================================

USE [MedicalAppointmentSystem];
GO

-- ============================================================
-- 1. USERS  (40 rows: 20 patients + 20 doctors)
-- ============================================================
INSERT INTO [dbo].[Users] ([Id],[Email],[password],[PhoneNumber]) VALUES
-- patients (IDs P01..P20)
(N'P0100000-0000-0000-0000-000000000001',N'ahmed.hassan@gmail.com',   N'Hashed@1234',N'+201001234567'),
(N'P0200000-0000-0000-0000-000000000002',N'mona.ali@yahoo.com',       N'Hashed@1234',N'+201112345678'),
(N'P0300000-0000-0000-0000-000000000003',N'omar.ibrahim@hotmail.com', N'Hashed@1234',N'+201223456789'),
(N'P0400000-0000-0000-0000-000000000004',N'sara.mahmoud@gmail.com',   N'Hashed@1234',N'+201334567890'),
(N'P0500000-0000-0000-0000-000000000005',N'karim.nasser@gmail.com',   N'Hashed@1234',N'+201445678901'),
(N'P0600000-0000-0000-0000-000000000006',N'nadia.fouad@gmail.com',    N'Hashed@1234',N'+201556789012'),
(N'P0700000-0000-0000-0000-000000000007',N'tarek.samir@outlook.com',  N'Hashed@1234',N'+201667890123'),
(N'P0800000-0000-0000-0000-000000000008',N'hana.mostafa@gmail.com',   N'Hashed@1234',N'+201778901234'),
(N'P0900000-0000-0000-0000-000000000009',N'youssef.adel@gmail.com',   N'Hashed@1234',N'+201889012345'),
(N'P1000000-0000-0000-0000-000000000010',N'dina.khalil@yahoo.com',    N'Hashed@1234',N'+201990123456'),
(N'P1100000-0000-0000-0000-000000000011',N'bassem.raouf@gmail.com',   N'Hashed@1234',N'+201001122334'),
(N'P1200000-0000-0000-0000-000000000012',N'rania.soliman@gmail.com',  N'Hashed@1234',N'+201112233445'),
(N'P1300000-0000-0000-0000-000000000013',N'khaled.nassar@gmail.com',  N'Hashed@1234',N'+201223344556'),
(N'P1400000-0000-0000-0000-000000000014',N'eman.tawfik@hotmail.com',  N'Hashed@1234',N'+201334455667'),
(N'P1500000-0000-0000-0000-000000000015',N'hassan.badawi@gmail.com',  N'Hashed@1234',N'+201445566778'),
(N'P1600000-0000-0000-0000-000000000016',N'noura.gamal@gmail.com',    N'Hashed@1234',N'+201556677889'),
(N'P1700000-0000-0000-0000-000000000017',N'amr.fahmy@gmail.com',      N'Hashed@1234',N'+201667788990'),
(N'P1800000-0000-0000-0000-000000000018',N'lobna.gaber@yahoo.com',    N'Hashed@1234',N'+201778899001'),
(N'P1900000-0000-0000-0000-000000000019',N'sherif.amin@gmail.com',    N'Hashed@1234',N'+201889900112'),
(N'P2000000-0000-0000-0000-000000000020',N'ghada.ramadan@gmail.com',  N'Hashed@1234',N'+201990011223'),
-- doctors (IDs D01..D20)
(N'D0100000-0000-0000-0000-000000000001',N'dr.ali.kamal@clinic.com',     N'DocHash@1234',N'+201011234567'),
(N'D0200000-0000-0000-0000-000000000002',N'dr.maha.sayed@clinic.com',    N'DocHash@1234',N'+201122345678'),
(N'D0300000-0000-0000-0000-000000000003',N'dr.walid.omar@clinic.com',    N'DocHash@1234',N'+201233456789'),
(N'D0400000-0000-0000-0000-000000000004',N'dr.heba.taha@clinic.com',     N'DocHash@1234',N'+201344567890'),
(N'D0500000-0000-0000-0000-000000000005',N'dr.sameh.nour@clinic.com',    N'DocHash@1234',N'+201455678901'),
(N'D0600000-0000-0000-0000-000000000006',N'dr.rasha.fathy@clinic.com',   N'DocHash@1234',N'+201566789012'),
(N'D0700000-0000-0000-0000-000000000007',N'dr.islam.badr@clinic.com',    N'DocHash@1234',N'+201677890123'),
(N'D0800000-0000-0000-0000-000000000008',N'dr.yasmine.hassan@clinic.com',N'DocHash@1234',N'+201788901234'),
(N'D0900000-0000-0000-0000-000000000009',N'dr.khaled.zaki@clinic.com',   N'DocHash@1234',N'+201899012345'),
(N'D1000000-0000-0000-0000-000000000010',N'dr.ola.mansour@clinic.com',   N'DocHash@1234',N'+201900123456'),
(N'D1100000-0000-0000-0000-000000000011',N'dr.ayman.farouk@clinic.com',  N'DocHash@1234',N'+201011122233'),
(N'D1200000-0000-0000-0000-000000000012',N'dr.nermeen.ali@clinic.com',   N'DocHash@1234',N'+201122233344'),
(N'D1300000-0000-0000-0000-000000000013',N'dr.mostafa.selim@clinic.com', N'DocHash@1234',N'+201233344455'),
(N'D1400000-0000-0000-0000-000000000014',N'dr.sahar.ibrahim@clinic.com', N'DocHash@1234',N'+201344455566'),
(N'D1500000-0000-0000-0000-000000000015',N'dr.adel.rashwan@clinic.com',  N'DocHash@1234',N'+201455566677'),
(N'D1600000-0000-0000-0000-000000000016',N'dr.hoda.shafie@clinic.com',   N'DocHash@1234',N'+201566677788'),
(N'D1700000-0000-0000-0000-000000000017',N'dr.wael.ghonim@clinic.com',   N'DocHash@1234',N'+201677788899'),
(N'D1800000-0000-0000-0000-000000000018',N'dr.amira.sami@clinic.com',    N'DocHash@1234',N'+201788899000'),
(N'D1900000-0000-0000-0000-000000000019',N'dr.magdy.abdou@clinic.com',   N'DocHash@1234',N'+201899900011'),
(N'D2000000-0000-0000-0000-000000000020',N'dr.sherine.lotfy@clinic.com', N'DocHash@1234',N'+201900011122');
GO

-- ============================================================
-- 2. PROFILES  (40 rows – mirrors Users 1:1)
-- ============================================================
-- Note: Profiles.Id is NOT IDENTITY so we assign sequential ints.
INSERT INTO [dbo].[Profiles] ([Id],[UserId],[FirstName],[LastName],[BirthDate],[Gender]) VALUES
(1, N'P0100000-0000-0000-0000-000000000001',N'Ahmed',   N'Hassan',   N'1985-03-14', 1),
(2, N'P0200000-0000-0000-0000-000000000002',N'Mona',    N'Ali',      N'1990-07-22', 0),
(3, N'P0300000-0000-0000-0000-000000000003',N'Omar',    N'Ibrahim',  N'1978-11-05', 1),
(4, N'P0400000-0000-0000-0000-000000000004',N'Sara',    N'Mahmoud',  N'1995-01-30', 0),
(5, N'P0500000-0000-0000-0000-000000000005',N'Karim',   N'Nasser',   N'1988-06-17', 1),
(6, N'P0600000-0000-0000-0000-000000000006',N'Nadia',   N'Fouad',    N'1992-09-09', 0),
(7, N'P0700000-0000-0000-0000-000000000007',N'Tarek',   N'Samir',    N'1975-12-25', 1),
(8, N'P0800000-0000-0000-0000-000000000008',N'Hana',    N'Mostafa',  N'1998-04-03', 0),
(9, N'P0900000-0000-0000-0000-000000000009',N'Youssef', N'Adel',     N'1983-08-19', 1),
(10,N'P1000000-0000-0000-0000-000000000010',N'Dina',    N'Khalil',   N'1996-02-11', 0),
(11,N'P1100000-0000-0000-0000-000000000011',N'Bassem',  N'Raouf',    N'1980-05-28', 1),
(12,N'P1200000-0000-0000-0000-000000000012',N'Rania',   N'Soliman',  N'1993-10-16', 0),
(13,N'P1300000-0000-0000-0000-000000000013',N'Khaled',  N'Nassar',   N'1971-07-07', 1),
(14,N'P1400000-0000-0000-0000-000000000014',N'Eman',    N'Tawfik',   N'1987-03-21', 0),
(15,N'P1500000-0000-0000-0000-000000000015',N'Hassan',  N'Badawi',   N'1965-11-14', 1),
(16,N'P1600000-0000-0000-0000-000000000016',N'Noura',   N'Gamal',    N'1999-06-02', 0),
(17,N'P1700000-0000-0000-0000-000000000017',N'Amr',     N'Fahmy',    N'1982-01-08', 1),
(18,N'P1800000-0000-0000-0000-000000000018',N'Lobna',   N'Gaber',    N'1991-09-26', 0),
(19,N'P1900000-0000-0000-0000-000000000019',N'Sherif',  N'Amin',     N'1977-04-13', 1),
(20,N'P2000000-0000-0000-0000-000000000020',N'Ghada',   N'Ramadan',  N'2000-12-01', 0),
-- doctor profiles
(21,N'D0100000-0000-0000-0000-000000000001',N'Ali',     N'Kamal',    N'1970-03-10', 1),
(22,N'D0200000-0000-0000-0000-000000000002',N'Maha',    N'Sayed',    N'1975-07-18', 0),
(23,N'D0300000-0000-0000-0000-000000000003',N'Walid',   N'Omar',     N'1968-11-22', 1),
(24,N'D0400000-0000-0000-0000-000000000004',N'Heba',    N'Taha',     N'1980-05-05', 0),
(25,N'D0500000-0000-0000-0000-000000000005',N'Sameh',   N'Nour',     N'1972-09-30', 1),
(26,N'D0600000-0000-0000-0000-000000000006',N'Rasha',   N'Fathy',    N'1978-02-14', 0),
(27,N'D0700000-0000-0000-0000-000000000007',N'Islam',   N'Badr',     N'1983-06-06', 1),
(28,N'D0800000-0000-0000-0000-000000000008',N'Yasmine', N'Hassan',   N'1985-12-19', 0),
(29,N'D0900000-0000-0000-0000-000000000009',N'Khaled',  N'Zaki',     N'1966-08-08', 1),
(30,N'D1000000-0000-0000-0000-000000000010',N'Ola',     N'Mansour',  N'1977-04-25', 0),
(31,N'D1100000-0000-0000-0000-000000000011',N'Ayman',   N'Farouk',   N'1969-10-03', 1),
(32,N'D1200000-0000-0000-0000-000000000012',N'Nermeen', N'Ali',      N'1981-01-17', 0),
(33,N'D1300000-0000-0000-0000-000000000013',N'Mostafa', N'Selim',    N'1974-07-29', 1),
(34,N'D1400000-0000-0000-0000-000000000014',N'Sahar',   N'Ibrahim',  N'1979-03-11', 0),
(35,N'D1500000-0000-0000-0000-000000000015',N'Adel',    N'Rashwan',  N'1964-11-20', 1),
(36,N'D1600000-0000-0000-0000-000000000016',N'Hoda',    N'Shafie',   N'1976-05-07', 0),
(37,N'D1700000-0000-0000-0000-000000000017',N'Wael',    N'Ghonim',   N'1971-09-15', 1),
(38,N'D1800000-0000-0000-0000-000000000018',N'Amira',   N'Sami',     N'1986-02-28', 0),
(39,N'D1900000-0000-0000-0000-000000000019',N'Magdy',   N'Abdou',    N'1963-06-12', 1),
(40,N'D2000000-0000-0000-0000-000000000020',N'Sherine', N'Lotfy',    N'1982-10-24', 0);
GO

-- ============================================================
-- 3. CLINICS  (8 rows – IDENTITY, do not specify Id)
-- ============================================================
SET IDENTITY_INSERT [dbo].[Clinics] ON;
INSERT INTO [dbo].[Clinics] ([Id]) VALUES (1),(2),(3),(4),(5),(6),(7),(8);
SET IDENTITY_INSERT [dbo].[Clinics] OFF;
GO

-- ============================================================
-- 4. ADDRESSES  (8 rows – one per clinic)
-- ============================================================
SET IDENTITY_INSERT [dbo].[Addresses] ON;
INSERT INTO [dbo].[Addresses] ([Id],[ClinicId],[BuildingNumber],[StreetName],[District],[ZipCode],[City]) VALUES
(1,1, 12,N'Tahrir Square St',     N'Downtown',      11511,N'Cairo'),
(2,2,  5,N'El-Haram St',          N'Giza',          12511,N'Giza'),
(3,3, 22,N'Makram Ebeid St',      N'Nasr City',     11471,N'Cairo'),
(4,4, 88,N'El-Nozha St',          N'Heliopolis',    11341,N'Cairo'),
(5,5,  3,N'El-Corniche St',       N'Maadi',         11431,N'Cairo'),
(6,6, 47,N'Gamal Abd El-Nasser St',N'Mansoura',     35516,N'Mansoura'),
(7,7, 15,N'El-Geish St',          N'Sidi Gaber',    21523,N'Alexandria'),
(8,8, 30,N'Omar Lotfy St',        N'El-Attarin',    21519,N'Alexandria');
SET IDENTITY_INSERT [dbo].[Addresses] OFF;
GO

-- ============================================================
-- 5. DOCTORS  (20 rows)
-- specialityId values (existing): 1=General,2=Cardiology,3=Dermatology,
-- 4=Orthopedics,5=Neurology,6=Psychiatry,7=Ophthalmology,8=ENT,
-- 9=Gastroenterology,10=Endocrinology,14=Gynecology,15=Pediatrics
-- ============================================================
INSERT INTO [dbo].[Doctors] ([Id],[FirstName],[LastName],[BirthDate],[Gender],[specialityId]) VALUES
(N'D0100000-0000-0000-0000-000000000001',N'Ali',     N'Kamal',   N'1970-03-10',1, 2),
(N'D0200000-0000-0000-0000-000000000002',N'Maha',    N'Sayed',   N'1975-07-18',0, 1),
(N'D0300000-0000-0000-0000-000000000003',N'Walid',   N'Omar',    N'1968-11-22',1, 4),
(N'D0400000-0000-0000-0000-000000000004',N'Heba',    N'Taha',    N'1980-05-05',0, 3),
(N'D0500000-0000-0000-0000-000000000005',N'Sameh',   N'Nour',    N'1972-09-30',1, 5),
(N'D0600000-0000-0000-0000-000000000006',N'Rasha',   N'Fathy',   N'1978-02-14',0,14),
(N'D0700000-0000-0000-0000-000000000007',N'Islam',   N'Badr',    N'1983-06-06',1, 9),
(N'D0800000-0000-0000-0000-000000000008',N'Yasmine', N'Hassan',  N'1985-12-19',0, 6),
(N'D0900000-0000-0000-0000-000000000009',N'Khaled',  N'Zaki',    N'1966-08-08',1, 2),
(N'D1000000-0000-0000-0000-000000000010',N'Ola',     N'Mansour', N'1977-04-25',0, 7),
(N'D1100000-0000-0000-0000-000000000011',N'Ayman',   N'Farouk',  N'1969-10-03',1,10),
(N'D1200000-0000-0000-0000-000000000012',N'Nermeen', N'Ali',     N'1981-01-17',0,15),
(N'D1300000-0000-0000-0000-000000000013',N'Mostafa', N'Selim',   N'1974-07-29',1, 8),
(N'D1400000-0000-0000-0000-000000000014',N'Sahar',   N'Ibrahim', N'1979-03-11',0, 3),
(N'D1500000-0000-0000-0000-000000000015',N'Adel',    N'Rashwan', N'1964-11-20',1, 1),
(N'D1600000-0000-0000-0000-000000000016',N'Hoda',    N'Shafie',  N'1976-05-07',0, 9),
(N'D1700000-0000-0000-0000-000000000017',N'Wael',    N'Ghonim',  N'1971-09-15',1, 4),
(N'D1800000-0000-0000-0000-000000000018',N'Amira',   N'Sami',    N'1986-02-28',0, 6),
(N'D1900000-0000-0000-0000-000000000019',N'Magdy',   N'Abdou',   N'1963-06-12',1, 5),
(N'D2000000-0000-0000-0000-000000000020',N'Sherine', N'Lotfy',   N'1982-10-24',0,14);
GO

-- ============================================================
-- 6. DOCTORSCLINICS  (30 rows)
-- ============================================================
SET IDENTITY_INSERT [dbo].[DoctorsClinics] ON;
INSERT INTO [dbo].[DoctorsClinics] ([Id],[DoctorId],[ClinicId]) VALUES
( 1,N'D0100000-0000-0000-0000-000000000001',1),
( 2,N'D0100000-0000-0000-0000-000000000001',2),
( 3,N'D0200000-0000-0000-0000-000000000002',1),
( 4,N'D0200000-0000-0000-0000-000000000002',3),
( 5,N'D0300000-0000-0000-0000-000000000003',2),
( 6,N'D0300000-0000-0000-0000-000000000003',4),
( 7,N'D0400000-0000-0000-0000-000000000004',3),
( 8,N'D0400000-0000-0000-0000-000000000004',5),
( 9,N'D0500000-0000-0000-0000-000000000005',1),
(10,N'D0500000-0000-0000-0000-000000000005',6),
(11,N'D0600000-0000-0000-0000-000000000006',2),
(12,N'D0600000-0000-0000-0000-000000000006',7),
(13,N'D0700000-0000-0000-0000-000000000007',3),
(14,N'D0700000-0000-0000-0000-000000000007',8),
(15,N'D0800000-0000-0000-0000-000000000008',4),
(16,N'D0900000-0000-0000-0000-000000000009',1),
(17,N'D0900000-0000-0000-0000-000000000009',5),
(18,N'D1000000-0000-0000-0000-000000000010',2),
(19,N'D1000000-0000-0000-0000-000000000010',6),
(20,N'D1100000-0000-0000-0000-000000000011',3),
(21,N'D1200000-0000-0000-0000-000000000012',4),
(22,N'D1200000-0000-0000-0000-000000000012',7),
(23,N'D1300000-0000-0000-0000-000000000013',5),
(24,N'D1400000-0000-0000-0000-000000000014',6),
(25,N'D1500000-0000-0000-0000-000000000015',1),
(26,N'D1500000-0000-0000-0000-000000000015',8),
(27,N'D1600000-0000-0000-0000-000000000016',7),
(28,N'D1700000-0000-0000-0000-000000000017',8),
(29,N'D1800000-0000-0000-0000-000000000018',2),
(30,N'D1900000-0000-0000-0000-000000000019',3);
SET IDENTITY_INSERT [dbo].[DoctorsClinics] OFF;
GO

-- ============================================================
-- 7. APPOINTMENTS  (100 rows)
-- StatusId: 1=pending,2=confirmed,3=in-session,4=completed,5=cancelled,6=no-show,7=rescheduled
-- AppointmentTypeId: 1=normal,2=emergency,3=follow-up,4=chronic-care
-- BookingSourceId: 1=app,2=web,3=emergency
-- CancelledById: 1=patient,2=doctor,3=system  (NULL when not cancelled)
-- QueueStatusId: 1=waiting,2=called,3=in-session,4=done
-- Appointments.Id is NOT IDENTITY → manual integers
-- ClinicId is nvarchar(450) per DDL (storing clinic int as string)
-- ============================================================
INSERT INTO [dbo].[Appointments]
  ([Id],[DoctorId],[PatientId],[ClinicId],[ScheduledAt],[ActualStartAt],[ActualEndAt],
   [AppointmentTypeId],[StatusId],[CancelledById],[CancellationReason],[CancelledAt],
   [RescheduledFromId],[RescheduledToId],[QueueNumber],[QueueStatusId],
   [FeeAmount],[BookedAt],[BookingSourceId])
VALUES
-- Completed appointments
(1001,N'D0100000-0000-0000-0000-000000000001',N'P0100000-0000-0000-0000-000000000001',N'1',N'2025-05-10 09:00',N'2025-05-10 09:05',N'2025-05-10 09:30',1,4,NULL,NULL,NULL,NULL,NULL,1,4,300.00,N'2025-05-08 10:00',1),
(1002,N'D0100000-0000-0000-0000-000000000001',N'P0200000-0000-0000-0000-000000000002',N'1',N'2025-05-10 10:00',N'2025-05-10 10:08',N'2025-05-10 10:40',1,4,NULL,NULL,NULL,NULL,NULL,2,4,300.00,N'2025-05-08 11:00',1),
(1003,N'D0200000-0000-0000-0000-000000000002',N'P0300000-0000-0000-0000-000000000003',N'1',N'2025-05-11 09:00',N'2025-05-11 09:10',N'2025-05-11 09:35',1,4,NULL,NULL,NULL,NULL,NULL,1,4,200.00,N'2025-05-09 08:00',1),
(1004,N'D0200000-0000-0000-0000-000000000002',N'P0400000-0000-0000-0000-000000000004',N'3',N'2025-05-12 11:00',N'2025-05-12 11:05',N'2025-05-12 11:25',3,4,NULL,NULL,NULL,NULL,NULL,1,4,200.00,N'2025-05-10 09:00',2),
(1005,N'D0300000-0000-0000-0000-000000000003',N'P0500000-0000-0000-0000-000000000005',N'2',N'2025-05-13 08:00',N'2025-05-13 08:10',N'2025-05-13 08:50',1,4,NULL,NULL,NULL,NULL,NULL,1,4,350.00,N'2025-05-11 07:00',1),
(1006,N'D0300000-0000-0000-0000-000000000003',N'P0600000-0000-0000-0000-000000000006',N'4',N'2025-05-14 10:00',N'2025-05-14 10:05',N'2025-05-14 10:45',4,4,NULL,NULL,NULL,NULL,NULL,1,4,350.00,N'2025-05-12 09:00',2),
(1007,N'D0400000-0000-0000-0000-000000000004',N'P0700000-0000-0000-0000-000000000007',N'3',N'2025-05-15 09:00',N'2025-05-15 09:05',N'2025-05-15 09:30',1,4,NULL,NULL,NULL,NULL,NULL,1,4,250.00,N'2025-05-13 08:00',1),
(1008,N'D0400000-0000-0000-0000-000000000004',N'P0800000-0000-0000-0000-000000000008',N'5',N'2025-05-16 11:00',N'2025-05-16 11:10',N'2025-05-16 11:40',3,4,NULL,NULL,NULL,NULL,NULL,1,4,250.00,N'2025-05-14 10:00',1),
(1009,N'D0500000-0000-0000-0000-000000000005',N'P0900000-0000-0000-0000-000000000009',N'1',N'2025-05-17 09:00',N'2025-05-17 09:08',N'2025-05-17 09:35',1,4,NULL,NULL,NULL,NULL,NULL,1,4,400.00,N'2025-05-15 08:00',2),
(1010,N'D0500000-0000-0000-0000-000000000005',N'P1000000-0000-0000-0000-000000000010',N'6',N'2025-05-18 10:00',N'2025-05-18 10:05',N'2025-05-18 10:30',4,4,NULL,NULL,NULL,NULL,NULL,1,4,400.00,N'2025-05-16 09:00',1),
(1011,N'D0600000-0000-0000-0000-000000000006',N'P1100000-0000-0000-0000-000000000011',N'2',N'2025-05-19 09:00',N'2025-05-19 09:05',N'2025-05-19 09:40',1,4,NULL,NULL,NULL,NULL,NULL,1,4,280.00,N'2025-05-17 08:30',1),
(1012,N'D0600000-0000-0000-0000-000000000006',N'P1200000-0000-0000-0000-000000000012',N'7',N'2025-05-20 11:00',N'2025-05-20 11:08',N'2025-05-20 11:45',3,4,NULL,NULL,NULL,NULL,NULL,1,4,280.00,N'2025-05-18 09:00',2),
(1013,N'D0700000-0000-0000-0000-000000000007',N'P1300000-0000-0000-0000-000000000013',N'3',N'2025-05-21 09:00',N'2025-05-21 09:10',N'2025-05-21 09:50',1,4,NULL,NULL,NULL,NULL,NULL,1,4,220.00,N'2025-05-19 08:00',1),
(1014,N'D0700000-0000-0000-0000-000000000007',N'P1400000-0000-0000-0000-000000000014',N'8',N'2025-05-22 10:00',N'2025-05-22 10:05',N'2025-05-22 10:35',4,4,NULL,NULL,NULL,NULL,NULL,1,4,220.00,N'2025-05-20 09:30',2),
(1015,N'D0800000-0000-0000-0000-000000000008',N'P1500000-0000-0000-0000-000000000015',N'4',N'2025-05-23 09:00',N'2025-05-23 09:05',N'2025-05-23 09:30',1,4,NULL,NULL,NULL,NULL,NULL,1,4,320.00,N'2025-05-21 08:00',1),
(1016,N'D0900000-0000-0000-0000-000000000009',N'P1600000-0000-0000-0000-000000000016',N'1',N'2025-05-24 10:00',N'2025-05-24 10:10',N'2025-05-24 10:45',3,4,NULL,NULL,NULL,NULL,NULL,1,4,300.00,N'2025-05-22 09:00',1),
(1017,N'D0900000-0000-0000-0000-000000000009',N'P1700000-0000-0000-0000-000000000017',N'5',N'2025-05-25 09:00',N'2025-05-25 09:05',N'2025-05-25 09:35',1,4,NULL,NULL,NULL,NULL,NULL,1,4,300.00,N'2025-05-23 08:30',2),
(1018,N'D1000000-0000-0000-0000-000000000010',N'P1800000-0000-0000-0000-000000000018',N'2',N'2025-05-26 11:00',N'2025-05-26 11:10',N'2025-05-26 11:40',4,4,NULL,NULL,NULL,NULL,NULL,1,4,270.00,N'2025-05-24 10:00',1),
(1019,N'D1000000-0000-0000-0000-000000000010',N'P1900000-0000-0000-0000-000000000019',N'6',N'2025-05-27 09:00',N'2025-05-27 09:08',N'2025-05-27 09:38',1,4,NULL,NULL,NULL,NULL,NULL,1,4,270.00,N'2025-05-25 08:00',2),
(1020,N'D1100000-0000-0000-0000-000000000011',N'P2000000-0000-0000-0000-000000000020',N'3',N'2025-05-28 10:00',N'2025-05-28 10:05',N'2025-05-28 10:30',1,4,NULL,NULL,NULL,NULL,NULL,1,4,350.00,N'2025-05-26 09:00',1),
-- June 2025
(1021,N'D0100000-0000-0000-0000-000000000001',N'P0300000-0000-0000-0000-000000000003',N'2',N'2025-06-01 09:00',N'2025-06-01 09:05',N'2025-06-01 09:40',1,4,NULL,NULL,NULL,NULL,NULL,1,4,300.00,N'2025-05-30 09:00',1),
(1022,N'D0200000-0000-0000-0000-000000000002',N'P0500000-0000-0000-0000-000000000005',N'1',N'2025-06-02 10:00',N'2025-06-02 10:10',N'2025-06-02 10:45',3,4,NULL,NULL,NULL,NULL,NULL,1,4,200.00,N'2025-05-31 09:00',2),
(1023,N'D0300000-0000-0000-0000-000000000003',N'P0700000-0000-0000-0000-000000000007',N'4',N'2025-06-03 09:00',N'2025-06-03 09:08',N'2025-06-03 09:45',4,4,NULL,NULL,NULL,NULL,NULL,1,4,350.00,N'2025-06-01 08:00',1),
(1024,N'D0400000-0000-0000-0000-000000000004',N'P0900000-0000-0000-0000-000000000009',N'5',N'2025-06-04 11:00',N'2025-06-04 11:05',N'2025-06-04 11:35',1,4,NULL,NULL,NULL,NULL,NULL,1,4,250.00,N'2025-06-02 10:00',1),
(1025,N'D1200000-0000-0000-0000-000000000012',N'P1100000-0000-0000-0000-000000000011',N'4',N'2025-06-05 09:00',N'2025-06-05 09:10',N'2025-06-05 09:40',1,4,NULL,NULL,NULL,NULL,NULL,1,4,230.00,N'2025-06-03 08:30',2),
(1026,N'D1300000-0000-0000-0000-000000000013',N'P1200000-0000-0000-0000-000000000012',N'5',N'2025-06-06 10:00',N'2025-06-06 10:05',N'2025-06-06 10:30',1,4,NULL,NULL,NULL,NULL,NULL,1,4,240.00,N'2025-06-04 09:00',1),
(1027,N'D1400000-0000-0000-0000-000000000014',N'P1300000-0000-0000-0000-000000000013',N'6',N'2025-06-07 09:00',N'2025-06-07 09:05',N'2025-06-07 09:35',3,4,NULL,NULL,NULL,NULL,NULL,1,4,250.00,N'2025-06-05 08:00',2),
(1028,N'D1500000-0000-0000-0000-000000000015',N'P1400000-0000-0000-0000-000000000014',N'1',N'2025-06-08 10:00',N'2025-06-08 10:08',N'2025-06-08 10:38',1,4,NULL,NULL,NULL,NULL,NULL,1,4,200.00,N'2025-06-06 09:00',1),
(1029,N'D1600000-0000-0000-0000-000000000016',N'P1500000-0000-0000-0000-000000000015',N'7',N'2025-06-09 11:00',N'2025-06-09 11:10',N'2025-06-09 11:50',4,4,NULL,NULL,NULL,NULL,NULL,1,4,220.00,N'2025-06-07 10:00',1),
(1030,N'D1700000-0000-0000-0000-000000000017',N'P1600000-0000-0000-0000-000000000016',N'8',N'2025-06-10 09:00',N'2025-06-10 09:05',N'2025-06-10 09:45',1,4,NULL,NULL,NULL,NULL,NULL,1,4,350.00,N'2025-06-08 08:30',2),
-- July 2025
(1031,N'D0100000-0000-0000-0000-000000000001',N'P0400000-0000-0000-0000-000000000004',N'1',N'2025-07-01 09:00',N'2025-07-01 09:05',N'2025-07-01 09:35',1,4,NULL,NULL,NULL,NULL,NULL,1,4,300.00,N'2025-06-29 09:00',1),
(1032,N'D0200000-0000-0000-0000-000000000002',N'P0600000-0000-0000-0000-000000000006',N'3',N'2025-07-02 10:00',N'2025-07-02 10:10',N'2025-07-02 10:40',3,4,NULL,NULL,NULL,NULL,NULL,1,4,200.00,N'2025-06-30 09:00',2),
(1033,N'D0500000-0000-0000-0000-000000000005',N'P0800000-0000-0000-0000-000000000008',N'6',N'2025-07-03 09:00',N'2025-07-03 09:08',N'2025-07-03 09:38',4,4,NULL,NULL,NULL,NULL,NULL,1,4,400.00,N'2025-07-01 08:00',1),
(1034,N'D0600000-0000-0000-0000-000000000006',N'P1000000-0000-0000-0000-000000000010',N'7',N'2025-07-04 11:00',N'2025-07-04 11:05',N'2025-07-04 11:45',1,4,NULL,NULL,NULL,NULL,NULL,1,4,280.00,N'2025-07-02 10:00',1),
(1035,N'D0800000-0000-0000-0000-000000000008',N'P1700000-0000-0000-0000-000000000017',N'4',N'2025-07-05 09:00',N'2025-07-05 09:05',N'2025-07-05 09:30',1,4,NULL,NULL,NULL,NULL,NULL,1,4,320.00,N'2025-07-03 08:30',2),
(1036,N'D0900000-0000-0000-0000-000000000009',N'P1900000-0000-0000-0000-000000000019',N'5',N'2025-07-06 10:00',N'2025-07-06 10:10',N'2025-07-06 10:45',3,4,NULL,NULL,NULL,NULL,NULL,1,4,300.00,N'2025-07-04 09:00',1),
(1037,N'D1100000-0000-0000-0000-000000000011',N'P0100000-0000-0000-0000-000000000001',N'3',N'2025-07-07 09:00',N'2025-07-07 09:08',N'2025-07-07 09:38',1,4,NULL,NULL,NULL,NULL,NULL,1,4,350.00,N'2025-07-05 08:00',2),
(1038,N'D1200000-0000-0000-0000-000000000012',N'P0200000-0000-0000-0000-000000000002',N'7',N'2025-07-08 11:00',N'2025-07-08 11:10',N'2025-07-08 11:40',4,4,NULL,NULL,NULL,NULL,NULL,1,4,230.00,N'2025-07-06 10:00',1),
(1039,N'D1300000-0000-0000-0000-000000000013',N'P0300000-0000-0000-0000-000000000003',N'5',N'2025-07-09 09:00',N'2025-07-09 09:05',N'2025-07-09 09:35',1,4,NULL,NULL,NULL,NULL,NULL,1,4,240.00,N'2025-07-07 09:00',1),
(1040,N'D1400000-0000-0000-0000-000000000014',N'P0500000-0000-0000-0000-000000000005',N'6',N'2025-07-10 10:00',N'2025-07-10 10:08',N'2025-07-10 10:38',1,4,NULL,NULL,NULL,NULL,NULL,1,4,250.00,N'2025-07-08 09:00',2),
-- August 2025
(1041,N'D0100000-0000-0000-0000-000000000001',N'P0700000-0000-0000-0000-000000000007',N'2',N'2025-08-01 09:00',N'2025-08-01 09:05',N'2025-08-01 09:40',1,4,NULL,NULL,NULL,NULL,NULL,1,4,300.00,N'2025-07-30 08:00',1),
(1042,N'D0200000-0000-0000-0000-000000000002',N'P0900000-0000-0000-0000-000000000009',N'1',N'2025-08-02 10:00',N'2025-08-02 10:10',N'2025-08-02 10:45',3,4,NULL,NULL,NULL,NULL,NULL,1,4,200.00,N'2025-07-31 09:00',2),
(1043,N'D0300000-0000-0000-0000-000000000003',N'P1100000-0000-0000-0000-000000000011',N'2',N'2025-08-03 09:00',N'2025-08-03 09:08',N'2025-08-03 09:48',4,4,NULL,NULL,NULL,NULL,NULL,1,4,350.00,N'2025-08-01 08:00',1),
(1044,N'D0700000-0000-0000-0000-000000000007',N'P1300000-0000-0000-0000-000000000013',N'8',N'2025-08-04 11:00',N'2025-08-04 11:05',N'2025-08-04 11:40',1,4,NULL,NULL,NULL,NULL,NULL,1,4,220.00,N'2025-08-02 10:00',1),
(1045,N'D1500000-0000-0000-0000-000000000015',N'P1500000-0000-0000-0000-000000000015',N'8',N'2025-08-05 09:00',N'2025-08-05 09:05',N'2025-08-05 09:30',1,4,NULL,NULL,NULL,NULL,NULL,1,4,200.00,N'2025-08-03 08:30',1),
(1046,N'D1600000-0000-0000-0000-000000000016',N'P1700000-0000-0000-0000-000000000017',N'7',N'2025-08-06 10:00',N'2025-08-06 10:08',N'2025-08-06 10:48',3,4,NULL,NULL,NULL,NULL,NULL,1,4,220.00,N'2025-08-04 09:00',2),
(1047,N'D1700000-0000-0000-0000-000000000017',N'P1900000-0000-0000-0000-000000000019',N'8',N'2025-08-07 09:00',N'2025-08-07 09:10',N'2025-08-07 09:50',4,4,NULL,NULL,NULL,NULL,NULL,1,4,350.00,N'2025-08-05 08:00',1),
(1048,N'D1800000-0000-0000-0000-000000000018',N'P0200000-0000-0000-0000-000000000002',N'2',N'2025-08-08 11:00',N'2025-08-08 11:05',N'2025-08-08 11:35',1,4,NULL,NULL,NULL,NULL,NULL,1,4,290.00,N'2025-08-06 10:00',2),
(1049,N'D1900000-0000-0000-0000-000000000019',N'P0400000-0000-0000-0000-000000000004',N'3',N'2025-08-09 09:00',N'2025-08-09 09:08',N'2025-08-09 09:38',1,4,NULL,NULL,NULL,NULL,NULL,1,4,380.00,N'2025-08-07 08:30',1),
(1050,N'D2000000-0000-0000-0000-000000000020',N'P0600000-0000-0000-0000-000000000006',N'2',N'2025-08-10 10:00',N'2025-08-10 10:05',N'2025-08-10 10:40',3,4,NULL,NULL,NULL,NULL,NULL,1,4,310.00,N'2025-08-08 09:00',1),
-- September 2025
(1051,N'D0100000-0000-0000-0000-000000000001',N'P1000000-0000-0000-0000-000000000010',N'1',N'2025-09-01 09:00',N'2025-09-01 09:05',N'2025-09-01 09:35',1,4,NULL,NULL,NULL,NULL,NULL,1,4,300.00,N'2025-08-30 08:00',2),
(1052,N'D0400000-0000-0000-0000-000000000004',N'P1200000-0000-0000-0000-000000000012',N'3',N'2025-09-02 10:00',N'2025-09-02 10:10',N'2025-09-02 10:45',4,4,NULL,NULL,NULL,NULL,NULL,1,4,250.00,N'2025-08-31 09:00',1),
(1053,N'D0500000-0000-0000-0000-000000000005',N'P1400000-0000-0000-0000-000000000014',N'1',N'2025-09-03 09:00',N'2025-09-03 09:08',N'2025-09-03 09:38',1,4,NULL,NULL,NULL,NULL,NULL,1,4,400.00,N'2025-09-01 08:00',1),
(1054,N'D0600000-0000-0000-0000-000000000006',N'P1600000-0000-0000-0000-000000000016',N'2',N'2025-09-04 11:00',N'2025-09-04 11:05',N'2025-09-04 11:40',1,4,NULL,NULL,NULL,NULL,NULL,1,4,280.00,N'2025-09-02 10:00',2),
(1055,N'D0900000-0000-0000-0000-000000000009',N'P1800000-0000-0000-0000-000000000018',N'5',N'2025-09-05 09:00',N'2025-09-05 09:05',N'2025-09-05 09:30',1,4,NULL,NULL,NULL,NULL,NULL,1,4,300.00,N'2025-09-03 08:30',1),
(1056,N'D1000000-0000-0000-0000-000000000010',N'P2000000-0000-0000-0000-000000000020',N'2',N'2025-09-06 10:00',N'2025-09-06 10:08',N'2025-09-06 10:38',3,4,NULL,NULL,NULL,NULL,NULL,1,4,270.00,N'2025-09-04 09:00',1),
(1057,N'D1100000-0000-0000-0000-000000000011',N'P0100000-0000-0000-0000-000000000001',N'3',N'2025-09-07 09:00',N'2025-09-07 09:10',N'2025-09-07 09:45',4,4,NULL,NULL,NULL,NULL,NULL,1,4,350.00,N'2025-09-05 08:00',2),
(1058,N'D1200000-0000-0000-0000-000000000012',N'P0300000-0000-0000-0000-000000000003',N'4',N'2025-09-08 11:00',N'2025-09-08 11:05',N'2025-09-08 11:35',1,4,NULL,NULL,NULL,NULL,NULL,1,4,230.00,N'2025-09-06 10:00',1),
(1059,N'D1300000-0000-0000-0000-000000000013',N'P0500000-0000-0000-0000-000000000005',N'5',N'2025-09-09 09:00',N'2025-09-09 09:05',N'2025-09-09 09:35',1,4,NULL,NULL,NULL,NULL,NULL,1,4,240.00,N'2025-09-07 08:30',1),
(1060,N'D1400000-0000-0000-0000-000000000014',N'P0700000-0000-0000-0000-000000000007',N'6',N'2025-09-10 10:00',N'2025-09-10 10:08',N'2025-09-10 10:38',3,4,NULL,NULL,NULL,NULL,NULL,1,4,250.00,N'2025-09-08 09:00',2),
-- October 2025 – mix of completed, cancelled, no-show
(1061,N'D0100000-0000-0000-0000-000000000001',N'P0200000-0000-0000-0000-000000000002',N'1',N'2025-10-01 09:00',N'2025-10-01 09:05',N'2025-10-01 09:30',1,4,NULL,NULL,NULL,NULL,NULL,1,4,300.00,N'2025-09-29 09:00',1),
(1062,N'D0200000-0000-0000-0000-000000000002',N'P0400000-0000-0000-0000-000000000004',N'3',N'2025-10-02 10:00',NULL,NULL,1,5,1,N'Patient requested cancellation',N'2025-10-01 14:00',NULL,NULL,NULL,NULL,200.00,N'2025-09-30 09:00',2),
(1063,N'D0300000-0000-0000-0000-000000000003',N'P0600000-0000-0000-0000-000000000006',N'2',N'2025-10-03 09:00',NULL,NULL,1,6,NULL,NULL,NULL,NULL,NULL,2,NULL,350.00,N'2025-10-01 08:00',1),
(1064,N'D0400000-0000-0000-0000-000000000004',N'P0800000-0000-0000-0000-000000000008',N'5',N'2025-10-04 11:00',N'2025-10-04 11:05',N'2025-10-04 11:35',1,4,NULL,NULL,NULL,NULL,NULL,1,4,250.00,N'2025-10-02 10:00',1),
(1065,N'D0500000-0000-0000-0000-000000000005',N'P1000000-0000-0000-0000-000000000010',N'1',N'2025-10-05 09:00',NULL,NULL,1,5,2,N'Doctor unavailable',N'2025-10-04 16:00',NULL,NULL,NULL,NULL,400.00,N'2025-10-03 08:30',2),
(1066,N'D0600000-0000-0000-0000-000000000006',N'P1200000-0000-0000-0000-000000000012',N'7',N'2025-10-06 10:00',N'2025-10-06 10:08',N'2025-10-06 10:45',3,4,NULL,NULL,NULL,NULL,NULL,1,4,280.00,N'2025-10-04 09:00',1),
(1067,N'D0700000-0000-0000-0000-000000000007',N'P1400000-0000-0000-0000-000000000014',N'3',N'2025-10-07 09:00',NULL,NULL,1,5,1,N'Personal reasons',N'2025-10-06 11:00',NULL,NULL,NULL,NULL,220.00,N'2025-10-05 08:00',1),
(1068,N'D0800000-0000-0000-0000-000000000008',N'P1600000-0000-0000-0000-000000000016',N'4',N'2025-10-08 11:00',N'2025-10-08 11:05',N'2025-10-08 11:35',1,4,NULL,NULL,NULL,NULL,NULL,1,4,320.00,N'2025-10-06 10:00',2),
(1069,N'D0900000-0000-0000-0000-000000000009',N'P1800000-0000-0000-0000-000000000018',N'1',N'2025-10-09 09:00',NULL,NULL,1,6,NULL,NULL,NULL,NULL,NULL,3,NULL,300.00,N'2025-10-07 08:30',1),
(1070,N'D1000000-0000-0000-0000-000000000010',N'P2000000-0000-0000-0000-000000000020',N'6',N'2025-10-10 10:00',N'2025-10-10 10:10',N'2025-10-10 10:40',4,4,NULL,NULL,NULL,NULL,NULL,1,4,270.00,N'2025-10-08 09:00',1),
-- November 2025
(1071,N'D1100000-0000-0000-0000-000000000011',N'P0100000-0000-0000-0000-000000000001',N'3',N'2025-11-01 09:00',N'2025-11-01 09:05',N'2025-11-01 09:40',1,4,NULL,NULL,NULL,NULL,NULL,1,4,350.00,N'2025-10-30 08:00',2),
(1072,N'D1200000-0000-0000-0000-000000000012',N'P0300000-0000-0000-0000-000000000003',N'4',N'2025-11-02 10:00',NULL,NULL,1,5,1,N'Travel conflict',N'2025-11-01 10:00',NULL,NULL,NULL,NULL,230.00,N'2025-10-31 09:00',1),
(1073,N'D1300000-0000-0000-0000-000000000013',N'P0500000-0000-0000-0000-000000000005',N'5',N'2025-11-03 09:00',N'2025-11-03 09:08',N'2025-11-03 09:38',3,4,NULL,NULL,NULL,NULL,NULL,1,4,240.00,N'2025-11-01 08:00',1),
(1074,N'D1400000-0000-0000-0000-000000000014',N'P0700000-0000-0000-0000-000000000007',N'6',N'2025-11-04 11:00',N'2025-11-04 11:05',N'2025-11-04 11:35',1,4,NULL,NULL,NULL,NULL,NULL,1,4,250.00,N'2025-11-02 10:00',2),
(1075,N'D1500000-0000-0000-0000-000000000015',N'P0900000-0000-0000-0000-000000000009',N'8',N'2025-11-05 09:00',N'2025-11-05 09:05',N'2025-11-05 09:30',1,4,NULL,NULL,NULL,NULL,NULL,1,4,200.00,N'2025-11-03 08:30',1),
(1076,N'D1600000-0000-0000-0000-000000000016',N'P1100000-0000-0000-0000-000000000011',N'7',N'2025-11-06 10:00',NULL,NULL,1,5,3,N'System maintenance',N'2025-11-05 22:00',NULL,NULL,NULL,NULL,220.00,N'2025-11-04 09:00',1),
(1077,N'D1700000-0000-0000-0000-000000000017',N'P1300000-0000-0000-0000-000000000013',N'8',N'2025-11-07 09:00',N'2025-11-07 09:10',N'2025-11-07 09:50',4,4,NULL,NULL,NULL,NULL,NULL,1,4,350.00,N'2025-11-05 08:00',2),
(1078,N'D1800000-0000-0000-0000-000000000018',N'P1500000-0000-0000-0000-000000000015',N'2',N'2025-11-08 11:00',N'2025-11-08 11:05',N'2025-11-08 11:35',1,4,NULL,NULL,NULL,NULL,NULL,1,4,290.00,N'2025-11-06 10:00',1),
(1079,N'D1900000-0000-0000-0000-000000000019',N'P1700000-0000-0000-0000-000000000017',N'3',N'2025-11-09 09:00',NULL,NULL,2,5,1,N'Emergency resolved at home',N'2025-11-08 21:00',NULL,NULL,NULL,NULL,380.00,N'2025-11-09 05:00',3),
(1080,N'D2000000-0000-0000-0000-000000000020',N'P1900000-0000-0000-0000-000000000019',N'2',N'2025-11-10 10:00',N'2025-11-10 10:08',N'2025-11-10 10:48',3,4,NULL,NULL,NULL,NULL,NULL,1,4,310.00,N'2025-11-08 09:00',2),
-- December 2025 – confirmed / in-session / pending
(1081,N'D0100000-0000-0000-0000-000000000001',N'P0500000-0000-0000-0000-000000000005',N'1',N'2025-12-01 09:00',N'2025-12-01 09:05',N'2025-12-01 09:35',1,4,NULL,NULL,NULL,NULL,NULL,1,4,300.00,N'2025-11-29 09:00',1),
(1082,N'D0200000-0000-0000-0000-000000000002',N'P0800000-0000-0000-0000-000000000008',N'1',N'2025-12-02 10:00',N'2025-12-02 10:10',N'2025-12-02 10:40',4,4,NULL,NULL,NULL,NULL,NULL,1,4,200.00,N'2025-11-30 09:00',2),
(1083,N'D0300000-0000-0000-0000-000000000003',N'P1000000-0000-0000-0000-000000000010',N'4',N'2025-12-03 09:00',N'2025-12-03 09:08',N'2025-12-03 09:48',1,4,NULL,NULL,NULL,NULL,NULL,1,4,350.00,N'2025-12-01 08:00',1),
(1084,N'D0400000-0000-0000-0000-000000000004',N'P1200000-0000-0000-0000-000000000012',N'5',N'2025-12-04 11:00',N'2025-12-04 11:05',N'2025-12-04 11:35',3,4,NULL,NULL,NULL,NULL,NULL,1,4,250.00,N'2025-12-02 10:00',1),
(1085,N'D0500000-0000-0000-0000-000000000005',N'P1400000-0000-0000-0000-000000000014',N'6',N'2025-12-05 09:00',N'2025-12-05 09:05',N'2025-12-05 09:35',1,4,NULL,NULL,NULL,NULL,NULL,1,4,400.00,N'2025-12-03 08:30',2),
-- January 2026
(1086,N'D0600000-0000-0000-0000-000000000006',N'P0100000-0000-0000-0000-000000000001',N'2',N'2026-01-05 09:00',N'2026-01-05 09:05',N'2026-01-05 09:40',1,4,NULL,NULL,NULL,NULL,NULL,1,4,280.00,N'2026-01-03 09:00',1),
(1087,N'D0700000-0000-0000-0000-000000000007',N'P0300000-0000-0000-0000-000000000003',N'3',N'2026-01-06 10:00',N'2026-01-06 10:10',N'2026-01-06 10:45',3,4,NULL,NULL,NULL,NULL,NULL,1,4,220.00,N'2026-01-04 09:00',2),
(1088,N'D0800000-0000-0000-0000-000000000008',N'P0600000-0000-0000-0000-000000000006',N'4',N'2026-01-07 09:00',N'2026-01-07 09:08',N'2026-01-07 09:38',4,4,NULL,NULL,NULL,NULL,NULL,1,4,320.00,N'2026-01-05 08:00',1),
(1089,N'D1500000-0000-0000-0000-000000000015',N'P0900000-0000-0000-0000-000000000009',N'1',N'2026-01-08 11:00',N'2026-01-08 11:05',N'2026-01-08 11:30',1,4,NULL,NULL,NULL,NULL,NULL,1,4,200.00,N'2026-01-06 10:00',1),
(1090,N'D1600000-0000-0000-0000-000000000016',N'P1100000-0000-0000-0000-000000000011',N'7',N'2026-01-09 09:00',N'2026-01-09 09:05',N'2026-01-09 09:35',1,4,NULL,NULL,NULL,NULL,NULL,1,4,220.00,N'2026-01-07 08:30',2),
-- February 2026
(1091,N'D0100000-0000-0000-0000-000000000001',N'P1300000-0000-0000-0000-000000000013',N'1',N'2026-02-01 09:00',N'2026-02-01 09:05',N'2026-02-01 09:35',1,4,NULL,NULL,NULL,NULL,NULL,1,4,300.00,N'2026-01-30 08:00',1),
(1092,N'D0200000-0000-0000-0000-000000000002',N'P1500000-0000-0000-0000-000000000015',N'3',N'2026-02-02 10:00',N'2026-02-02 10:10',N'2026-02-02 10:45',4,4,NULL,NULL,NULL,NULL,NULL,1,4,200.00,N'2026-01-31 09:00',2),
(1093,N'D0900000-0000-0000-0000-000000000009',N'P1700000-0000-0000-0000-000000000017',N'5',N'2026-02-03 09:00',N'2026-02-03 09:08',N'2026-02-03 09:38',1,4,NULL,NULL,NULL,NULL,NULL,1,4,300.00,N'2026-02-01 08:00',1),
(1094,N'D1000000-0000-0000-0000-000000000010',N'P1900000-0000-0000-0000-000000000019',N'2',N'2026-02-04 11:00',NULL,NULL,1,5,1,N'Work conflict',N'2026-02-03 20:00',NULL,NULL,NULL,NULL,270.00,N'2026-02-02 10:00',1),
(1095,N'D1700000-0000-0000-0000-000000000017',N'P0200000-0000-0000-0000-000000000002',N'8',N'2026-02-05 09:00',N'2026-02-05 09:05',N'2026-02-05 09:45',3,4,NULL,NULL,NULL,NULL,NULL,1,4,350.00,N'2026-02-03 08:30',2),
-- March & April 2026 – recent, mix confirmed/pending
(1096,N'D0400000-0000-0000-0000-000000000004',N'P0400000-0000-0000-0000-000000000004',N'3',N'2026-03-10 09:00',N'2026-03-10 09:05',N'2026-03-10 09:35',1,4,NULL,NULL,NULL,NULL,NULL,1,4,250.00,N'2026-03-08 09:00',1),
(1097,N'D0500000-0000-0000-0000-000000000005',N'P0700000-0000-0000-0000-000000000007',N'1',N'2026-03-15 10:00',N'2026-03-15 10:10',N'2026-03-15 10:45',4,4,NULL,NULL,NULL,NULL,NULL,1,4,400.00,N'2026-03-13 09:00',2),
(1098,N'D1100000-0000-0000-0000-000000000011',N'P1600000-0000-0000-0000-000000000016',N'3',N'2026-04-01 09:00',N'2026-04-01 09:08',N'2026-04-01 09:38',1,4,NULL,NULL,NULL,NULL,NULL,1,4,350.00,N'2026-03-30 08:00',1),
(1099,N'D1800000-0000-0000-0000-000000000018',N'P1800000-0000-0000-0000-000000000018',N'2',N'2026-04-15 10:00',NULL,NULL,1,2,NULL,NULL,NULL,NULL,NULL,1,1,290.00,N'2026-04-13 09:00',2),
(1100,N'D2000000-0000-0000-0000-000000000020',N'P2000000-0000-0000-0000-000000000020',N'2',N'2026-05-10 09:00',NULL,NULL,3,1,NULL,NULL,NULL,NULL,NULL,NULL,NULL,310.00,N'2026-05-03 09:00',1);
GO

-- ============================================================
-- 8. PAYMENTS  (80 rows – one per completed/confirmed appointment)
-- PaymentMethodId: 1=Cash,2=CreditCard,3=Wallet,4=Insurance
-- PaymentStatusId: 1=unpaid,2=paid,3=refunded,4=partially-refunded
-- ============================================================
INSERT INTO [dbo].[Payments]
  ([AppointmentId],[PaymentMethodId],[PaymentStatusId],[Amount],[TransactionId],[PaidAt],[CreatedAt],[Notes])
VALUES
(1001,1,2,300.00,NULL,              N'2025-05-10 09:35',N'2025-05-10 09:35',NULL),
(1002,2,2,300.00,N'TXN-CC-10020001',N'2025-05-10 10:42',N'2025-05-10 10:42',NULL),
(1003,1,2,200.00,NULL,              N'2025-05-11 09:36',N'2025-05-11 09:36',NULL),
(1004,3,2,200.00,N'TXN-WL-10040001',N'2025-05-12 11:26',N'2025-05-12 11:26',NULL),
(1005,1,2,350.00,NULL,              N'2025-05-13 08:52',N'2025-05-13 08:52',NULL),
(1006,4,2,350.00,N'TXN-INS-1006001',N'2025-05-14 10:46',N'2025-05-14 10:46',NULL),
(1007,2,2,250.00,N'TXN-CC-10070001',N'2025-05-15 09:32',N'2025-05-15 09:32',NULL),
(1008,1,2,250.00,NULL,              N'2025-05-16 11:42',N'2025-05-16 11:42',NULL),
(1009,3,2,400.00,N'TXN-WL-10090001',N'2025-05-17 09:37',N'2025-05-17 09:37',NULL),
(1010,4,2,400.00,N'TXN-INS-1010001',N'2025-05-18 10:32',N'2025-05-18 10:32',NULL),
(1011,1,2,280.00,NULL,              N'2025-05-19 09:42',N'2025-05-19 09:42',NULL),
(1012,2,2,280.00,N'TXN-CC-10120001',N'2025-05-20 11:46',N'2025-05-20 11:46',NULL),
(1013,1,2,220.00,NULL,              N'2025-05-21 09:52',N'2025-05-21 09:52',NULL),
(1014,3,2,220.00,N'TXN-WL-10140001',N'2025-05-22 10:37',N'2025-05-22 10:37',NULL),
(1015,1,2,320.00,NULL,              N'2025-05-23 09:32',N'2025-05-23 09:32',NULL),
(1016,2,2,300.00,N'TXN-CC-10160001',N'2025-05-24 10:47',N'2025-05-24 10:47',NULL),
(1017,4,2,300.00,N'TXN-INS-1017001',N'2025-05-25 09:37',N'2025-05-25 09:37',NULL),
(1018,1,2,270.00,NULL,              N'2025-05-26 11:42',N'2025-05-26 11:42',NULL),
(1019,3,2,270.00,N'TXN-WL-10190001',N'2025-05-27 09:40',N'2025-05-27 09:40',NULL),
(1020,2,2,350.00,N'TXN-CC-10200001',N'2025-05-28 10:32',N'2025-05-28 10:32',NULL),
(1021,1,2,300.00,NULL,              N'2025-06-01 09:42',N'2025-06-01 09:42',NULL),
(1022,2,2,200.00,N'TXN-CC-10220001',N'2025-06-02 10:47',N'2025-06-02 10:47',NULL),
(1023,4,2,350.00,N'TXN-INS-1023001',N'2025-06-03 09:47',N'2025-06-03 09:47',NULL),
(1024,1,2,250.00,NULL,              N'2025-06-04 11:37',N'2025-06-04 11:37',NULL),
(1025,3,2,230.00,N'TXN-WL-10250001',N'2025-06-05 09:42',N'2025-06-05 09:42',NULL),
(1026,1,2,240.00,NULL,              N'2025-06-06 10:32',N'2025-06-06 10:32',NULL),
(1027,2,2,250.00,N'TXN-CC-10270001',N'2025-06-07 09:37',N'2025-06-07 09:37',NULL),
(1028,1,2,200.00,NULL,              N'2025-06-08 10:40',N'2025-06-08 10:40',NULL),
(1029,4,2,220.00,N'TXN-INS-1029001',N'2025-06-09 11:52',N'2025-06-09 11:52',NULL),
(1030,3,2,350.00,N'TXN-WL-10300001',N'2025-06-10 09:47',N'2025-06-10 09:47',NULL),
(1031,1,2,300.00,NULL,              N'2025-07-01 09:37',N'2025-07-01 09:37',NULL),
(1032,2,2,200.00,N'TXN-CC-10320001',N'2025-07-02 10:42',N'2025-07-02 10:42',NULL),
(1033,4,2,400.00,N'TXN-INS-1033001',N'2025-07-03 09:40',N'2025-07-03 09:40',NULL),
(1034,1,2,280.00,NULL,              N'2025-07-04 11:47',N'2025-07-04 11:47',NULL),
(1035,3,2,320.00,N'TXN-WL-10350001',N'2025-07-05 09:32',N'2025-07-05 09:32',NULL),
(1036,2,2,300.00,N'TXN-CC-10360001',N'2025-07-06 10:47',N'2025-07-06 10:47',NULL),
(1037,1,2,350.00,NULL,              N'2025-07-07 09:40',N'2025-07-07 09:40',NULL),
(1038,4,2,230.00,N'TXN-INS-1038001',N'2025-07-08 11:42',N'2025-07-08 11:42',NULL),
(1039,1,2,240.00,NULL,              N'2025-07-09 09:37',N'2025-07-09 09:37',NULL),
(1040,3,2,250.00,N'TXN-WL-10400001',N'2025-07-10 10:40',N'2025-07-10 10:40',NULL),
(1041,2,2,300.00,N'TXN-CC-10410001',N'2025-08-01 09:42',N'2025-08-01 09:42',NULL),
(1042,1,2,200.00,NULL,              N'2025-08-02 10:47',N'2025-08-02 10:47',NULL),
(1043,4,2,350.00,N'TXN-INS-1043001',N'2025-08-03 09:50',N'2025-08-03 09:50',NULL),
(1044,1,2,220.00,NULL,              N'2025-08-04 11:42',N'2025-08-04 11:42',NULL),
(1045,3,2,200.00,N'TXN-WL-10450001',N'2025-08-05 09:32',N'2025-08-05 09:32',NULL),
(1046,2,2,220.00,N'TXN-CC-10460001',N'2025-08-06 10:50',N'2025-08-06 10:50',NULL),
(1047,4,2,350.00,N'TXN-INS-1047001',N'2025-08-07 09:52',N'2025-08-07 09:52',NULL),
(1048,1,2,290.00,NULL,              N'2025-08-08 11:37',N'2025-08-08 11:37',NULL),
(1049,3,2,380.00,N'TXN-WL-10490001',N'2025-08-09 09:40',N'2025-08-09 09:40',NULL),
(1050,2,2,310.00,N'TXN-CC-10500001',N'2025-08-10 10:42',N'2025-08-10 10:42',NULL),
(1051,1,2,300.00,NULL,              N'2025-09-01 09:37',N'2025-09-01 09:37',NULL),
(1052,4,2,250.00,N'TXN-INS-1052001',N'2025-09-02 10:47',N'2025-09-02 10:47',NULL),
(1053,3,2,400.00,N'TXN-WL-10530001',N'2025-09-03 09:40',N'2025-09-03 09:40',NULL),
(1054,2,2,280.00,N'TXN-CC-10540001',N'2025-09-04 11:42',N'2025-09-04 11:42',NULL),
(1055,1,2,300.00,NULL,              N'2025-09-05 09:32',N'2025-09-05 09:32',NULL),
(1056,4,2,270.00,N'TXN-INS-1056001',N'2025-09-06 10:40',N'2025-09-06 10:40',NULL),
(1057,3,2,350.00,N'TXN-WL-10570001',N'2025-09-07 09:47',N'2025-09-07 09:47',NULL),
(1058,1,2,230.00,NULL,              N'2025-09-08 11:37',N'2025-09-08 11:37',NULL),
(1059,2,2,240.00,N'TXN-CC-10590001',N'2025-09-09 09:37',N'2025-09-09 09:37',NULL),
(1060,1,2,250.00,NULL,              N'2025-09-10 10:40',N'2025-09-10 10:40',NULL),
(1061,3,2,300.00,N'TXN-WL-10610001',N'2025-10-01 09:32',N'2025-10-01 09:32',NULL),
-- Cancelled/no-show → refunded or unpaid
(1062,2,3,200.00,N'TXN-CC-10620001',N'2025-10-02 10:00',N'2025-10-01 14:05',N'Refund issued on cancellation'),
(1064,4,2,250.00,N'TXN-INS-1064001',N'2025-10-04 11:37',N'2025-10-04 11:37',NULL),
(1066,1,2,280.00,NULL,              N'2025-10-06 10:47',N'2025-10-06 10:47',NULL),
(1068,3,2,320.00,N'TXN-WL-10680001',N'2025-10-08 11:37',N'2025-10-08 11:37',NULL),
(1070,2,2,270.00,N'TXN-CC-10700001',N'2025-10-10 10:42',N'2025-10-10 10:42',NULL),
(1071,4,2,350.00,N'TXN-INS-1071001',N'2025-11-01 09:42',N'2025-11-01 09:42',NULL),
(1073,1,2,240.00,NULL,              N'2025-11-03 09:40',N'2025-11-03 09:40',NULL),
(1074,3,2,250.00,N'TXN-WL-10740001',N'2025-11-04 11:37',N'2025-11-04 11:37',NULL),
(1075,2,2,200.00,N'TXN-CC-10750001',N'2025-11-05 09:32',N'2025-11-05 09:32',NULL),
(1077,4,2,350.00,N'TXN-INS-1077001',N'2025-11-07 09:52',N'2025-11-07 09:52',NULL),
(1078,1,2,290.00,NULL,              N'2025-11-08 11:37',N'2025-11-08 11:37',NULL),
(1080,3,2,310.00,N'TXN-WL-10800001',N'2025-11-10 10:50',N'2025-11-10 10:50',NULL),
(1081,2,2,300.00,N'TXN-CC-10810001',N'2025-12-01 09:37',N'2025-12-01 09:37',NULL),
(1082,1,2,200.00,NULL,              N'2025-12-02 10:42',N'2025-12-02 10:42',NULL),
(1083,4,2,350.00,N'TXN-INS-1083001',N'2025-12-03 09:50',N'2025-12-03 09:50',NULL),
(1084,3,2,250.00,N'TXN-WL-10840001',N'2025-12-04 11:37',N'2025-12-04 11:37',NULL),
(1085,2,2,400.00,N'TXN-CC-10850001',N'2025-12-05 09:37',N'2025-12-05 09:37',NULL),
(1086,1,2,280.00,NULL,              N'2026-01-05 09:42',N'2026-01-05 09:42',NULL),
(1087,4,2,220.00,N'TXN-INS-1087001',N'2026-01-06 10:47',N'2026-01-06 10:47',NULL),
(1088,3,2,320.00,N'TXN-WL-10880001',N'2026-01-07 09:40',N'2026-01-07 09:40',NULL),
(1089,2,2,200.00,N'TXN-CC-10890001',N'2026-01-08 11:32',N'2026-01-08 11:32',NULL),
(1090,1,2,220.00,NULL,              N'2026-01-09 09:37',N'2026-01-09 09:37',NULL);
GO

-- ============================================================
-- 9. REVIEWS  (30 rows – patients reviewing doctors after completed appointments)
-- Rating 1-5 | PersonalityTypeId 1-10
-- ============================================================
INSERT INTO [dbo].[Reviews]
  ([DoctorId],[PatientId],[Body],[PersonalityTypeId],[Rating])
VALUES
(N'D0100000-0000-0000-0000-000000000001',N'P0100000-0000-0000-0000-000000000001',N'Dr. Kamal is very thorough and explains everything clearly.',4,5),
(N'D0100000-0000-0000-0000-000000000001',N'P0200000-0000-0000-0000-000000000002',N'Excellent doctor, very attentive and professional.',1,5),
(N'D0200000-0000-0000-0000-000000000002',N'P0300000-0000-0000-0000-000000000003',N'Very kind and listened to all my concerns patiently.',6,5),
(N'D0200000-0000-0000-0000-000000000002',N'P0400000-0000-0000-0000-000000000004',N'Good experience overall, would recommend.',1,4),
(N'D0300000-0000-0000-0000-000000000003',N'P0500000-0000-0000-0000-000000000005',N'Dr. Omar is direct and gives clear treatment plans.',7,4),
(N'D0300000-0000-0000-0000-000000000003',N'P0600000-0000-0000-0000-000000000006',N'Knowledgeable and thorough in examination.',4,5),
(N'D0400000-0000-0000-0000-000000000004',N'P0700000-0000-0000-0000-000000000007',N'Dr. Taha is very reassuring, I felt comfortable.',8,5),
(N'D0500000-0000-0000-0000-000000000005',N'P0900000-0000-0000-0000-000000000009',N'Highly experienced, explained my condition in detail.',10,5),
(N'D0600000-0000-0000-0000-000000000006',N'P1100000-0000-0000-0000-000000000011',N'Very professional and empathetic doctor.',9,5),
(N'D0600000-0000-0000-0000-000000000006',N'P1200000-0000-0000-0000-000000000012',N'Great experience, appointment was on time.',4,4),
(N'D0700000-0000-0000-0000-000000000007',N'P1300000-0000-0000-0000-000000000013',N'Dr. Badr listened carefully before prescribing.',6,5),
(N'D0700000-0000-0000-0000-000000000007',N'P1400000-0000-0000-0000-000000000014',N'Very talkative which helped ease my anxiety.',2,4),
(N'D0800000-0000-0000-0000-000000000008',N'P1500000-0000-0000-0000-000000000015',N'Dr. Hassan was patient and kind throughout the visit.',5,5),
(N'D0900000-0000-0000-0000-000000000009',N'P1600000-0000-0000-0000-000000000016',N'Very experienced cardiologist, highly recommended.',4,5),
(N'D0900000-0000-0000-0000-000000000009',N'P1700000-0000-0000-0000-000000000017',N'Dr. Zaki was strict but very accurate in diagnosis.',3,4),
(N'D1000000-0000-0000-0000-000000000010',N'P1800000-0000-0000-0000-000000000018',N'Friendly and professional ophthalmologist.',1,5),
(N'D1000000-0000-0000-0000-000000000010',N'P1900000-0000-0000-0000-000000000019',N'Explained my eye condition clearly with diagrams.',10,5),
(N'D1100000-0000-0000-0000-000000000011',N'P2000000-0000-0000-0000-000000000020',N'Dr. Farouk was very precise and direct.',7,4),
(N'D1200000-0000-0000-0000-000000000012',N'P0200000-0000-0000-0000-000000000002',N'Great with kids, very patient and reassuring.',5,5),
(N'D1300000-0000-0000-0000-000000000013',N'P0300000-0000-0000-0000-000000000003',N'ENT specialist with deep knowledge and caring attitude.',9,5),
(N'D1400000-0000-0000-0000-000000000014',N'P0500000-0000-0000-0000-000000000005',N'Very good at skin treatment, I saw improvement quickly.',4,4),
(N'D1500000-0000-0000-0000-000000000015',N'P0700000-0000-0000-0000-000000000007',N'Experienced general practitioner, very thorough.',4,4),
(N'D1600000-0000-0000-0000-000000000016',N'P0900000-0000-0000-0000-000000000009',N'Dr. Shafie is empathetic and provides detailed advice.',9,5),
(N'D1700000-0000-0000-0000-000000000017',N'P1300000-0000-0000-0000-000000000013',N'Very good orthopedic consultation, felt better after.',1,4),
(N'D1800000-0000-0000-0000-000000000018',N'P1500000-0000-0000-0000-000000000015',N'Dr. Sami is kind and listens to patient concerns.',6,5),
(N'D1900000-0000-0000-0000-000000000019',N'P1700000-0000-0000-0000-000000000017',N'Experienced neurologist, very helpful.',4,4),
(N'D2000000-0000-0000-0000-000000000020',N'P1900000-0000-0000-0000-000000000019',N'Dr. Lotfy explained everything about my condition.',10,5),
(N'D0100000-0000-0000-0000-000000000001',N'P0400000-0000-0000-0000-000000000004',N'Excellent cardiologist, I trust him completely.',8,5),
(N'D0500000-0000-0000-0000-000000000005',N'P0800000-0000-0000-0000-000000000008',N'Very professional, my follow-up was smooth.',4,4),
(N'D0900000-0000-0000-0000-000000000009',N'P1800000-0000-0000-0000-000000000018',N'Great doctor, very thorough cardiac check.',4,3);
GO

-- ============================================================
-- 10. SYMPTOM ASSESSMENTS  (30 rows)
-- AISeverityId: 1=non-urgent, 2=urgent
-- AISuggestedSpecialtyId: must reference Specialties.Id (1-28)
-- ============================================================
INSERT INTO [dbo].[SymptomAssessments]
  ([AppointmentId],[PatientId],[SymptomsText],[OnsetDuration],
   [AISuggestedSpecialtyId],[AISeverityId],[AIConfidenceScore],
   [WasOverridden],[ManualSpecialty],[CreatedAt])
VALUES
(1001,N'P0100000-0000-0000-0000-000000000001',N'Chest pain and shortness of breath during exertion',N'3 days',2,2,88.50,0,NULL,N'2025-05-08 10:30'),
(1002,N'P0200000-0000-0000-0000-000000000002',N'Palpitations and irregular heartbeat at rest',N'1 week',2,2,91.00,0,NULL,N'2025-05-08 11:30'),
(1003,N'P0300000-0000-0000-0000-000000000003',N'General fatigue, mild fever, body aches',N'2 days',1,1,75.50,0,NULL,N'2025-05-09 08:30'),
(1004,N'P0400000-0000-0000-0000-000000000004',N'Persistent cough and runny nose',N'5 days',1,1,80.00,0,NULL,N'2025-05-10 09:30'),
(1005,N'P0500000-0000-0000-0000-000000000005',N'Knee pain and swelling after exercise',N'1 week',4,1,85.00,0,NULL,N'2025-05-11 07:30'),
(1006,N'P0600000-0000-0000-0000-000000000006',N'Irregular menstrual cycle and pelvic discomfort',N'2 weeks',14,1,78.00,0,NULL,N'2025-05-12 09:30'),
(1007,N'P0700000-0000-0000-0000-000000000007',N'Lower back pain radiating to the right leg',N'10 days',4,2,83.50,0,NULL,N'2025-05-13 08:30'),
(1008,N'P0800000-0000-0000-0000-000000000008',N'Wrist and finger joint pain with morning stiffness',N'3 weeks',17,1,76.00,1,N'Orthopedics',N'2025-05-14 10:30'),
(1009,N'P0900000-0000-0000-0000-000000000009',N'Numbness and tingling in both hands',N'2 weeks',5,1,82.00,0,NULL,N'2025-05-15 08:30'),
(1010,N'P1000000-0000-0000-0000-000000000010',N'High blood sugar levels and frequent urination',N'1 month',10,2,90.00,0,NULL,N'2025-05-16 09:30'),
(1021,N'P0300000-0000-0000-0000-000000000003',N'Recurring headaches and visual disturbances',N'1 week',5,2,86.00,0,NULL,N'2025-05-30 09:30'),
(1022,N'P0500000-0000-0000-0000-000000000005',N'Stomach cramps and bloating after meals',N'2 weeks',9,1,79.50,0,NULL,N'2025-05-31 09:30'),
(1023,N'P0700000-0000-0000-0000-000000000007',N'Hip pain and difficulty walking for long distances',N'3 weeks',4,1,81.00,0,NULL,N'2025-06-01 08:30'),
(1024,N'P0900000-0000-0000-0000-000000000009',N'Skin rash and itching on arms and torso',N'1 week',3,1,77.00,0,NULL,N'2025-06-02 10:30'),
(1025,N'P1100000-0000-0000-0000-000000000011',N'Child with high fever and ear pain',N'2 days',15,2,89.00,0,NULL,N'2025-06-03 08:30'),
(1031,N'P0400000-0000-0000-0000-000000000004',N'Dizziness and mild headache on standing',N'4 days',1,1,72.00,0,NULL,N'2025-06-29 09:30'),
(1032,N'P0600000-0000-0000-0000-000000000006',N'Heavy periods with lower abdominal cramps',N'1 month',14,1,84.00,0,NULL,N'2025-06-30 09:30'),
(1033,N'P0800000-0000-0000-0000-000000000008',N'Burning sensation during urination and frequent urge',N'5 days',13,2,87.50,0,NULL,N'2025-07-01 08:30'),
(1034,N'P1000000-0000-0000-0000-000000000010',N'Mood swings, poor sleep, difficulty concentrating',N'1 month',6,1,74.00,0,NULL,N'2025-07-02 10:30'),
(1041,N'P0700000-0000-0000-0000-000000000007',N'Blurred vision in left eye since morning',N'1 day',7,2,92.00,0,NULL,N'2025-07-30 08:30'),
(1042,N'P0900000-0000-0000-0000-000000000009',N'Persistent dry cough and mild wheezing at night',N'2 weeks',11,1,80.50,0,NULL,N'2025-07-31 09:30'),
(1051,N'P1000000-0000-0000-0000-000000000010',N'Sudden severe headache at the back of head',N'Same day',5,2,93.00,0,NULL,N'2025-08-30 08:30'),
(1052,N'P1200000-0000-0000-0000-000000000012',N'Redness and discharge from right eye',N'3 days',7,1,83.00,0,NULL,N'2025-08-31 09:30'),
(1053,N'P1400000-0000-0000-0000-000000000014',N'Fatigue, weight gain, and cold intolerance',N'2 months',10,1,78.50,0,NULL,N'2025-09-01 08:30'),
(1061,N'P0200000-0000-0000-0000-000000000002',N'Rapid heartbeat and sweating episodes at rest',N'3 days',2,2,89.50,0,NULL,N'2025-09-29 09:30'),
(1064,N'P0800000-0000-0000-0000-000000000008',N'Finger stiffness and swelling in the morning',N'3 weeks',17,1,76.50,1,N'Orthopedics',N'2025-10-02 10:30'),
(1071,N'P0100000-0000-0000-0000-000000000001',N'Unexplained weight loss and night sweats',N'1 month',22,2,85.00,0,NULL,N'2025-10-30 08:30'),
(1081,N'P0500000-0000-0000-0000-000000000005',N'Chest tightness and mild shortness of breath',N'2 days',2,2,90.50,0,NULL,N'2025-11-29 09:30'),
(1086,N'P0100000-0000-0000-0000-000000000001',N'Heavy menstrual bleeding and abdominal pain',N'2 cycles',14,1,82.00,0,NULL,N'2026-01-03 09:30'),
(1091,N'P1300000-0000-0000-0000-000000000013',N'Swollen lymph nodes and persistent fatigue',N'3 weeks',22,2,87.00,0,NULL,N'2026-01-30 08:30');
GO
